2023/10/16 21:02:40,2349
2023/10/16 22:08:09,2350
2023/10/17 02:58:10,2351
2023/10/17 10:38:10,2352
2023/10/17 13:28:10,2353
2023/10/17 16:28:10,2354
2023/10/17 20:28:11,2355
2023/10/18 00:28:11,2356
2023/10/18 04:38:11,2357
2023/10/18 09:08:11,2358
2023/10/18 10:48:11,2359
2023/10/18 14:08:11,2360
2023/10/18 18:40:47,2361
2023/10/18 22:30:47,2362
2023/10/19 13:22:21,2363
2023/10/19 16:22:21,2364
2023/10/19 18:22:26,2365
2023/10/19 22:53:19,2366
2023/10/20 07:53:19,2367
2023/10/20 10:53:19,2368
2023/10/20 12:13:19,2369
2023/10/20 14:13:19,2370
2023/10/20 15:33:19,2371
